Index,Date,Hour,PMIS - Total Customer Throughput (Unadjusted),Week Number,Weekday
0,2015-01-11,06:00:00,151,2,Sunday
1,2015-01-11,07:00:00,47,2,Sunday
2,2015-01-11,08:00:00,47,2,Sunday
3,2015-01-11,09:00:00,73,2,Sunday
4,2015-01-11,10:00:00,53,2,Sunday
5,2015-01-11,11:00:00,47,2,Sunday
6,2015-01-11,12:00:00,70,2,Sunday
7,2015-01-11,13:00:00,98,2,Sunday
8,2015-01-11,14:00:00,170,2,Sunday
9,2015-01-11,15:00:00,128,2,Sunday
10,2015-01-11,16:00:00,46,2,Sunday
11,2015-01-11,17:00:00,65,2,Sunday
12,2015-01-11,18:00:00,112,2,Sunday
13,2015-01-11,19:00:00,152,2,Sunday
14,2015-01-11,20:00:00,158,2,Sunday
15,2015-01-11,21:00:00,116,2,Sunday
16,2015-01-12,06:00:00,166,3,Monday
17,2015-01-12,07:00:00,58,3,Monday
18,2015-01-12,08:00:00,58,3,Monday
19,2015-01-12,09:00:00,120,3,Monday
20,2015-01-12,10:00:00,104,3,Monday
21,2015-01-12,11:00:00,69,3,Monday
22,2015-01-12,12:00:00,89,3,Monday
23,2015-01-12,13:00:00,161,3,Monday
24,2015-01-12,14:00:00,138,3,Monday
25,2015-01-12,15:00:00,149,3,Monday
26,2015-01-12,16:00:00,70,3,Monday
27,2015-01-12,17:00:00,105,3,Monday
28,2015-01-12,18:00:00,78,3,Monday
29,2015-01-12,19:00:00,134,3,Monday
30,2015-01-12,20:00:00,132,3,Monday
31,2015-01-12,21:00:00,210,3,Monday
32,2015-01-13,06:00:00,171,3,Tuesday
33,2015-01-13,07:00:00,38,3,Tuesday
34,2015-01-13,08:00:00,47,3,Tuesday
35,2015-01-13,09:00:00,74,3,Tuesday
36,2015-01-13,10:00:00,87,3,Tuesday
37,2015-01-13,11:00:00,87,3,Tuesday
38,2015-01-13,12:00:00,122,3,Tuesday
39,2015-01-13,13:00:00,122,3,Tuesday
40,2015-01-13,14:00:00,140,3,Tuesday
41,2015-01-13,15:00:00,103,3,Tuesday
42,2015-01-13,16:00:00,36,3,Tuesday
43,2015-01-13,17:00:00,104,3,Tuesday
44,2015-01-13,18:00:00,96,3,Tuesday
45,2015-01-13,19:00:00,84,3,Tuesday
46,2015-01-13,20:00:00,214,3,Tuesday
47,2015-01-13,21:00:00,160,3,Tuesday
48,2015-01-14,06:00:00,190,3,Wednesday
49,2015-01-14,07:00:00,20,3,Wednesday
50,2015-01-14,08:00:00,74,3,Wednesday
51,2015-01-14,09:00:00,104,3,Wednesday
52,2015-01-14,10:00:00,133,3,Wednesday
53,2015-01-14,11:00:00,63,3,Wednesday
54,2015-01-14,12:00:00,90,3,Wednesday
55,2015-01-14,13:00:00,145,3,Wednesday
56,2015-01-14,14:00:00,55,3,Wednesday
57,2015-01-14,15:00:00,99,3,Wednesday
58,2015-01-14,16:00:00,105,3,Wednesday
59,2015-01-14,17:00:00,76,3,Wednesday
60,2015-01-14,18:00:00,126,3,Wednesday
61,2015-01-14,19:00:00,123,3,Wednesday
62,2015-01-14,20:00:00,154,3,Wednesday
63,2015-01-14,21:00:00,194,3,Wednesday
64,2015-01-15,06:00:00,160,3,Thursday
65,2015-01-15,07:00:00,31,3,Thursday
66,2015-01-15,08:00:00,36,3,Thursday
67,2015-01-15,09:00:00,137,3,Thursday
68,2015-01-15,10:00:00,72,3,Thursday
69,2015-01-15,11:00:00,70,3,Thursday
70,2015-01-15,12:00:00,73,3,Thursday
71,2015-01-15,13:00:00,182,3,Thursday
72,2015-01-15,14:00:00,126,3,Thursday
73,2015-01-15,15:00:00,85,3,Thursday
74,2015-01-15,16:00:00,57,3,Thursday
75,2015-01-15,17:00:00,109,3,Thursday
76,2015-01-15,18:00:00,72,3,Thursday
77,2015-01-15,19:00:00,108,3,Thursday
78,2015-01-15,20:00:00,159,3,Thursday
79,2015-01-15,21:00:00,194,3,Thursday
80,2015-01-16,06:00:00,159,3,Friday
81,2015-01-16,07:00:00,39,3,Friday
82,2015-01-16,08:00:00,46,3,Friday
83,2015-01-16,09:00:00,114,3,Friday
84,2015-01-16,10:00:00,82,3,Friday
85,2015-01-16,11:00:00,21,3,Friday
86,2015-01-16,12:00:00,65,3,Friday
87,2015-01-16,13:00:00,106,3,Friday
88,2015-01-16,14:00:00,132,3,Friday
89,2015-01-16,15:00:00,66,3,Friday
90,2015-01-16,16:00:00,33,3,Friday
91,2015-01-17,06:00:00,309,3,Saturday
92,2015-01-17,07:00:00,15,3,Saturday
93,2015-01-17,08:00:00,36,3,Saturday
94,2015-01-17,09:00:00,71,3,Saturday
95,2015-01-17,10:00:00,63,3,Saturday
96,2015-01-17,11:00:00,18,3,Saturday
97,2015-01-17,12:00:00,86,3,Saturday
98,2015-01-17,13:00:00,107,3,Saturday
99,2015-01-17,14:00:00,119,3,Saturday
100,2015-01-17,15:00:00,42,3,Saturday
101,2015-01-17,16:00:00,55,3,Saturday
102,2015-01-17,17:00:00,63,3,Saturday
103,2015-01-17,18:00:00,88,3,Saturday
104,2015-01-17,19:00:00,132,3,Saturday
105,2015-01-17,20:00:00,114,3,Saturday
106,2015-01-17,21:00:00,103,3,Saturday
107,2015-01-18,06:00:00,135,3,Sunday
108,2015-01-18,07:00:00,43,3,Sunday
109,2015-01-18,08:00:00,66,3,Sunday
110,2015-01-18,09:00:00,108,3,Sunday
111,2015-01-18,10:00:00,113,3,Sunday
112,2015-01-18,11:00:00,49,3,Sunday
113,2015-01-18,12:00:00,60,3,Sunday
114,2015-01-18,13:00:00,139,3,Sunday
115,2015-01-18,14:00:00,146,3,Sunday
116,2015-01-18,15:00:00,51,3,Sunday
117,2015-01-18,16:00:00,83,3,Sunday
118,2015-01-18,17:00:00,105,3,Sunday
119,2015-01-18,18:00:00,93,3,Sunday
120,2015-01-18,19:00:00,143,3,Sunday
121,2015-01-18,20:00:00,144,3,Sunday
122,2015-01-18,21:00:00,124,3,Sunday
123,2015-01-19,06:00:00,167,4,Monday
124,2015-01-19,07:00:00,25,4,Monday
125,2015-01-19,08:00:00,55,4,Monday
126,2015-01-19,09:00:00,92,4,Monday
127,2015-01-19,10:00:00,111,4,Monday
128,2015-01-19,11:00:00,36,4,Monday
129,2015-01-19,12:00:00,62,4,Monday
130,2015-01-19,13:00:00,176,4,Monday
131,2015-01-19,14:00:00,79,4,Monday
132,2015-01-19,15:00:00,62,4,Monday
133,2015-01-19,16:00:00,58,4,Monday
134,2015-01-19,17:00:00,45,4,Monday
135,2015-01-19,18:00:00,87,4,Monday
136,2015-01-19,19:00:00,119,4,Monday
137,2015-01-19,20:00:00,188,4,Monday
138,2015-01-19,21:00:00,199,4,Monday
139,2015-01-20,06:00:00,121,4,Tuesday
140,2015-01-20,07:00:00,29,4,Tuesday
141,2015-01-20,08:00:00,34,4,Tuesday
142,2015-01-20,09:00:00,76,4,Tuesday
143,2015-01-20,10:00:00,75,4,Tuesday
144,2015-01-20,11:00:00,43,4,Tuesday
145,2015-01-20,12:00:00,105,4,Tuesday
146,2015-01-20,13:00:00,115,4,Tuesday
147,2015-01-20,14:00:00,87,4,Tuesday
148,2015-01-20,15:00:00,44,4,Tuesday
149,2015-01-20,16:00:00,61,4,Tuesday
150,2015-01-20,17:00:00,53,4,Tuesday
151,2015-01-20,18:00:00,111,4,Tuesday
152,2015-01-20,19:00:00,131,4,Tuesday
153,2015-01-20,20:00:00,160,4,Tuesday
154,2015-01-20,21:00:00,160,4,Tuesday
155,2015-01-21,06:00:00,194,4,Wednesday
156,2015-01-21,07:00:00,39,4,Wednesday
157,2015-01-21,08:00:00,74,4,Wednesday
158,2015-01-21,09:00:00,116,4,Wednesday
159,2015-01-21,10:00:00,84,4,Wednesday
160,2015-01-21,11:00:00,39,4,Wednesday
161,2015-01-21,12:00:00,94,4,Wednesday
162,2015-01-21,13:00:00,146,4,Wednesday
163,2015-01-21,14:00:00,129,4,Wednesday
164,2015-01-21,15:00:00,41,4,Wednesday
165,2015-01-21,16:00:00,72,4,Wednesday
166,2015-01-21,17:00:00,75,4,Wednesday
167,2015-01-21,18:00:00,67,4,Wednesday
168,2015-01-21,19:00:00,127,4,Wednesday
169,2015-01-21,20:00:00,187,4,Wednesday
170,2015-01-21,21:00:00,158,4,Wednesday
171,2015-01-22,06:00:00,180,4,Thursday
172,2015-01-22,07:00:00,45,4,Thursday
173,2015-01-22,08:00:00,69,4,Thursday
174,2015-01-22,09:00:00,79,4,Thursday
175,2015-01-22,10:00:00,65,4,Thursday
176,2015-01-22,11:00:00,29,4,Thursday
177,2015-01-22,12:00:00,84,4,Thursday
178,2015-01-22,13:00:00,96,4,Thursday
179,2015-01-22,14:00:00,77,4,Thursday
180,2015-01-22,15:00:00,59,4,Thursday
181,2015-01-22,16:00:00,26,4,Thursday
182,2015-01-22,17:00:00,64,4,Thursday
183,2015-01-23,06:00:00,235,4,Friday
184,2015-01-23,07:00:00,36,4,Friday
185,2015-01-23,08:00:00,105,4,Friday
186,2015-01-23,09:00:00,111,4,Friday
187,2015-01-23,10:00:00,25,4,Friday
188,2015-01-23,11:00:00,49,4,Friday
189,2015-01-23,12:00:00,77,4,Friday
190,2015-01-23,13:00:00,90,4,Friday
191,2015-01-23,14:00:00,113,4,Friday
192,2015-01-23,15:00:00,102,4,Friday
193,2015-01-23,16:00:00,21,4,Friday
194,2015-01-23,17:00:00,60,4,Friday
195,2015-01-23,18:00:00,87,4,Friday
196,2015-01-23,19:00:00,116,4,Friday
197,2015-01-23,20:00:00,118,4,Friday
198,2015-01-23,21:00:00,79,4,Friday
199,2015-01-24,06:00:00,28,4,Saturday
200,2015-01-24,07:00:00,31,4,Saturday
201,2015-01-24,08:00:00,129,4,Saturday
202,2015-01-24,09:00:00,55,4,Saturday
203,2015-01-24,10:00:00,54,4,Saturday
204,2015-01-24,11:00:00,58,4,Saturday
205,2015-01-24,12:00:00,75,4,Saturday
206,2015-01-24,13:00:00,111,4,Saturday
207,2015-01-24,14:00:00,110,4,Saturday
208,2015-01-24,15:00:00,52,4,Saturday
209,2015-01-24,16:00:00,51,4,Saturday
210,2015-01-24,17:00:00,69,4,Saturday
211,2015-01-24,18:00:00,94,4,Saturday
212,2015-01-24,19:00:00,118,4,Saturday
213,2015-01-24,20:00:00,140,4,Saturday
214,2015-01-24,21:00:00,90,4,Saturday
215,2015-01-25,07:00:00,79,4,Sunday
216,2015-01-25,08:00:00,45,4,Sunday
217,2015-01-25,09:00:00,80,4,Sunday
218,2015-01-25,10:00:00,79,4,Sunday
219,2015-01-25,11:00:00,75,4,Sunday
220,2015-01-25,12:00:00,82,4,Sunday
221,2015-01-25,13:00:00,75,4,Sunday
222,2015-01-25,14:00:00,121,4,Sunday
223,2015-01-25,15:00:00,61,4,Sunday
224,2015-01-25,16:00:00,32,4,Sunday
225,2015-01-25,17:00:00,68,4,Sunday
226,2015-01-25,18:00:00,94,4,Sunday
227,2015-01-25,19:00:00,94,4,Sunday
228,2015-01-25,20:00:00,149,4,Sunday
229,2015-01-25,21:00:00,129,4,Sunday
230,2015-01-26,07:00:00,26,5,Monday
231,2015-01-26,08:00:00,51,5,Monday
232,2015-01-26,09:00:00,78,5,Monday
233,2015-01-26,10:00:00,56,5,Monday
234,2015-01-26,11:00:00,43,5,Monday
235,2015-01-26,12:00:00,62,5,Monday
236,2015-01-26,13:00:00,97,5,Monday
237,2015-01-26,14:00:00,108,5,Monday
238,2015-01-26,15:00:00,50,5,Monday
239,2015-01-26,16:00:00,52,5,Monday
240,2015-01-26,17:00:00,65,5,Monday
241,2015-01-26,18:00:00,113,5,Monday
242,2015-01-26,19:00:00,118,5,Monday
243,2015-01-26,20:00:00,171,5,Monday
244,2015-01-26,21:00:00,167,5,Monday
245,2015-01-27,07:00:00,31,5,Tuesday
246,2015-01-27,08:00:00,28,5,Tuesday
247,2015-01-27,09:00:00,41,5,Tuesday
248,2015-01-27,10:00:00,52,5,Tuesday
249,2015-01-27,11:00:00,49,5,Tuesday
250,2015-01-27,12:00:00,72,5,Tuesday
251,2015-01-27,13:00:00,94,5,Tuesday
252,2015-01-27,14:00:00,73,5,Tuesday
253,2015-01-27,15:00:00,52,5,Tuesday
254,2015-01-27,16:00:00,63,5,Tuesday
255,2015-01-27,17:00:00,97,5,Tuesday
256,2015-01-27,18:00:00,76,5,Tuesday
257,2015-01-27,19:00:00,113,5,Tuesday
258,2015-01-27,20:00:00,159,5,Tuesday
259,2015-01-27,21:00:00,126,5,Tuesday
260,2015-01-28,06:00:00,9,5,Wednesday
261,2015-01-28,07:00:00,21,5,Wednesday
262,2015-01-28,08:00:00,56,5,Wednesday
263,2015-01-28,09:00:00,124,5,Wednesday
264,2015-01-28,10:00:00,115,5,Wednesday
265,2015-01-28,11:00:00,146,5,Wednesday
266,2015-01-28,12:00:00,67,5,Wednesday
267,2015-01-28,13:00:00,133,5,Wednesday
268,2015-01-28,14:00:00,111,5,Wednesday
269,2015-01-28,15:00:00,104,5,Wednesday
270,2015-01-28,16:00:00,46,5,Wednesday
271,2015-01-28,17:00:00,64,5,Wednesday
272,2015-01-28,18:00:00,59,5,Wednesday
273,2015-01-28,19:00:00,94,5,Wednesday
274,2015-01-28,20:00:00,173,5,Wednesday
275,2015-01-28,21:00:00,171,5,Wednesday
276,2015-01-29,06:00:00,8,5,Thursday
277,2015-01-29,07:00:00,19,5,Thursday
278,2015-01-29,08:00:00,84,5,Thursday
279,2015-01-29,09:00:00,67,5,Thursday
280,2015-01-29,10:00:00,110,5,Thursday
281,2015-01-29,11:00:00,74,5,Thursday
282,2015-01-29,12:00:00,139,5,Thursday
283,2015-01-29,13:00:00,128,5,Thursday
284,2015-01-29,14:00:00,77,5,Thursday
285,2015-01-29,15:00:00,51,5,Thursday
286,2015-01-29,16:00:00,58,5,Thursday
287,2015-01-29,17:00:00,59,5,Thursday
288,2015-01-29,18:00:00,50,5,Thursday
289,2015-01-29,19:00:00,150,5,Thursday
290,2015-01-29,20:00:00,157,5,Thursday
291,2015-01-29,21:00:00,126,5,Thursday
292,2015-01-30,06:00:00,5,5,Friday
293,2015-01-30,07:00:00,31,5,Friday
294,2015-01-30,08:00:00,44,5,Friday
295,2015-01-30,09:00:00,105,5,Friday
296,2015-01-30,10:00:00,99,5,Friday
297,2015-01-30,11:00:00,38,5,Friday
298,2015-01-30,12:00:00,103,5,Friday
299,2015-01-30,13:00:00,105,5,Friday
300,2015-01-30,14:00:00,64,5,Friday
301,2015-01-30,15:00:00,77,5,Friday
302,2015-01-30,16:00:00,63,5,Friday
303,2015-01-30,17:00:00,79,5,Friday
304,2015-01-30,18:00:00,76,5,Friday
305,2015-01-30,19:00:00,117,5,Friday
306,2015-01-30,20:00:00,109,5,Friday
307,2015-01-30,21:00:00,116,5,Friday
308,2015-01-31,06:00:00,23,5,Saturday
309,2015-01-31,07:00:00,28,5,Saturday
310,2015-01-31,08:00:00,43,5,Saturday
311,2015-01-31,09:00:00,59,5,Saturday
312,2015-01-31,10:00:00,70,5,Saturday
313,2015-01-31,11:00:00,28,5,Saturday
314,2015-01-31,12:00:00,77,5,Saturday
315,2015-01-31,13:00:00,145,5,Saturday
316,2015-01-31,14:00:00,122,5,Saturday
317,2015-01-31,15:00:00,63,5,Saturday
318,2015-01-31,16:00:00,59,5,Saturday
319,2015-01-31,17:00:00,73,5,Saturday
320,2015-01-31,18:00:00,72,5,Saturday
321,2015-01-31,19:00:00,115,5,Saturday
322,2015-01-31,20:00:00,147,5,Saturday
323,2015-01-31,21:00:00,163,5,Saturday
324,2015-02-01,07:00:00,46,5,Sunday
325,2015-02-01,08:00:00,45,5,Sunday
326,2015-02-01,09:00:00,102,5,Sunday
327,2015-02-01,10:00:00,103,5,Sunday
328,2015-02-01,11:00:00,95,5,Sunday
329,2015-02-01,12:00:00,144,5,Sunday
330,2015-02-01,13:00:00,59,5,Sunday
331,2015-02-01,14:00:00,135,5,Sunday
332,2015-02-01,15:00:00,156,5,Sunday
333,2015-02-01,16:00:00,41,5,Sunday
334,2015-02-01,17:00:00,49,5,Sunday
335,2015-02-01,18:00:00,57,5,Sunday
336,2015-02-01,19:00:00,112,5,Sunday
337,2015-02-01,20:00:00,154,5,Sunday
338,2015-02-01,21:00:00,151,5,Sunday
339,2015-02-02,06:00:00,0,6,Monday
340,2015-02-02,07:00:00,42,6,Monday
341,2015-02-02,08:00:00,45,6,Monday
342,2015-02-02,09:00:00,106,6,Monday
343,2015-02-02,10:00:00,69,6,Monday
344,2015-02-02,11:00:00,97,6,Monday
345,2015-02-02,12:00:00,123,6,Monday
346,2015-02-02,13:00:00,192,6,Monday
347,2015-02-02,14:00:00,134,6,Monday
348,2015-02-02,15:00:00,78,6,Monday
349,2015-02-02,16:00:00,114,6,Monday
350,2015-02-02,17:00:00,75,6,Monday
351,2015-02-02,18:00:00,77,6,Monday
352,2015-02-02,19:00:00,132,6,Monday
353,2015-02-02,20:00:00,180,6,Monday
354,2015-02-02,21:00:00,197,6,Monday
355,2015-02-03,06:00:00,15,6,Tuesday
356,2015-02-03,07:00:00,48,6,Tuesday
357,2015-02-03,08:00:00,40,6,Tuesday
358,2015-02-03,09:00:00,101,6,Tuesday
359,2015-02-03,10:00:00,91,6,Tuesday
360,2015-02-03,11:00:00,42,6,Tuesday
361,2015-02-03,12:00:00,87,6,Tuesday
362,2015-02-03,13:00:00,152,6,Tuesday
363,2015-02-03,14:00:00,147,6,Tuesday
364,2015-02-03,15:00:00,18,6,Tuesday
365,2015-02-03,16:00:00,62,6,Tuesday
366,2015-02-03,17:00:00,77,6,Tuesday
367,2015-02-03,18:00:00,109,6,Tuesday
368,2015-02-03,19:00:00,137,6,Tuesday
369,2015-02-03,20:00:00,255,6,Tuesday
370,2015-02-03,21:00:00,117,6,Tuesday
371,2015-02-04,06:00:00,4,6,Wednesday
372,2015-02-04,07:00:00,34,6,Wednesday
373,2015-02-04,08:00:00,92,6,Wednesday
374,2015-02-04,09:00:00,98,6,Wednesday
375,2015-02-04,10:00:00,86,6,Wednesday
376,2015-02-04,11:00:00,47,6,Wednesday
377,2015-02-04,12:00:00,119,6,Wednesday
378,2015-02-04,13:00:00,124,6,Wednesday
379,2015-02-04,14:00:00,218,6,Wednesday
380,2015-02-04,15:00:00,101,6,Wednesday
381,2015-02-04,16:00:00,81,6,Wednesday
382,2015-02-04,17:00:00,51,6,Wednesday
383,2015-02-04,18:00:00,115,6,Wednesday
384,2015-02-04,19:00:00,95,6,Wednesday
385,2015-02-04,20:00:00,227,6,Wednesday
386,2015-02-04,21:00:00,219,6,Wednesday
387,2015-02-05,06:00:00,27,6,Thursday
388,2015-02-05,07:00:00,19,6,Thursday
389,2015-02-05,08:00:00,44,6,Thursday
390,2015-02-05,09:00:00,104,6,Thursday
391,2015-02-05,10:00:00,62,6,Thursday
392,2015-02-05,11:00:00,48,6,Thursday
393,2015-02-05,12:00:00,59,6,Thursday
394,2015-02-05,13:00:00,144,6,Thursday
395,2015-02-05,14:00:00,144,6,Thursday
396,2015-02-05,15:00:00,29,6,Thursday
397,2015-02-05,16:00:00,55,6,Thursday
398,2015-02-05,17:00:00,47,6,Thursday
399,2015-02-05,18:00:00,92,6,Thursday
400,2015-02-05,19:00:00,94,6,Thursday
401,2015-02-05,20:00:00,237,6,Thursday
402,2015-02-05,21:00:00,145,6,Thursday
403,2015-02-06,06:00:00,21,6,Friday
404,2015-02-06,07:00:00,37,6,Friday
405,2015-02-06,08:00:00,49,6,Friday
406,2015-02-06,09:00:00,90,6,Friday
407,2015-02-06,10:00:00,55,6,Friday
408,2015-02-06,11:00:00,33,6,Friday
409,2015-02-06,12:00:00,64,6,Friday
410,2015-02-06,13:00:00,123,6,Friday
411,2015-02-06,14:00:00,76,6,Friday
412,2015-02-06,15:00:00,112,6,Friday
413,2015-02-06,16:00:00,48,6,Friday
414,2015-02-06,17:00:00,48,6,Friday
415,2015-02-06,18:00:00,86,6,Friday
416,2015-02-06,19:00:00,87,6,Friday
417,2015-02-06,20:00:00,103,6,Friday
418,2015-02-06,21:00:00,171,6,Friday
419,2015-02-07,06:00:00,1,6,Saturday
420,2015-02-07,07:00:00,20,6,Saturday
421,2015-02-07,08:00:00,48,6,Saturday
422,2015-02-07,09:00:00,96,6,Saturday
423,2015-02-07,10:00:00,23,6,Saturday
424,2015-02-07,11:00:00,42,6,Saturday
425,2015-02-07,12:00:00,105,6,Saturday
426,2015-02-07,13:00:00,118,6,Saturday
427,2015-02-07,14:00:00,126,6,Saturday
428,2015-02-07,15:00:00,44,6,Saturday
429,2015-02-07,16:00:00,44,6,Saturday
430,2015-02-07,17:00:00,61,6,Saturday
431,2015-02-07,18:00:00,104,6,Saturday
432,2015-02-07,19:00:00,102,6,Saturday
433,2015-02-07,20:00:00,159,6,Saturday
434,2015-02-07,21:00:00,151,6,Saturday
435,2015-02-08,06:00:00,10,6,Sunday
436,2015-02-08,07:00:00,36,6,Sunday
437,2015-02-08,08:00:00,63,6,Sunday
438,2015-02-08,09:00:00,101,6,Sunday
439,2015-02-08,10:00:00,102,6,Sunday
440,2015-02-08,11:00:00,37,6,Sunday
441,2015-02-08,12:00:00,117,6,Sunday
442,2015-02-08,13:00:00,116,6,Sunday
443,2015-02-08,14:00:00,109,6,Sunday
444,2015-02-08,15:00:00,38,6,Sunday
445,2015-02-08,16:00:00,48,6,Sunday
446,2015-02-08,17:00:00,48,6,Sunday
447,2015-02-08,18:00:00,88,6,Sunday
448,2015-02-08,19:00:00,168,6,Sunday
449,2015-02-08,20:00:00,168,6,Sunday
450,2015-02-08,21:00:00,194,6,Sunday
451,2015-02-09,06:00:00,6,7,Monday
452,2015-02-09,07:00:00,33,7,Monday
453,2015-02-09,08:00:00,46,7,Monday
454,2015-02-09,09:00:00,124,7,Monday
455,2015-02-09,10:00:00,53,7,Monday
456,2015-02-09,11:00:00,66,7,Monday
457,2015-02-09,12:00:00,98,7,Monday
458,2015-02-09,13:00:00,125,7,Monday
459,2015-02-09,14:00:00,143,7,Monday
460,2015-02-09,15:00:00,32,7,Monday
461,2015-02-09,16:00:00,54,7,Monday
462,2015-02-09,17:00:00,78,7,Monday
463,2015-02-09,18:00:00,96,7,Monday
464,2015-02-09,19:00:00,120,7,Monday
465,2015-02-09,20:00:00,188,7,Monday
466,2015-02-09,21:00:00,306,7,Monday
467,2015-02-10,07:00:00,5,7,Tuesday
468,2015-02-10,08:00:00,37,7,Tuesday
469,2015-02-10,09:00:00,117,7,Tuesday
470,2015-02-10,10:00:00,110,7,Tuesday
471,2015-02-10,11:00:00,78,7,Tuesday
472,2015-02-10,12:00:00,85,7,Tuesday
473,2015-02-10,13:00:00,162,7,Tuesday
474,2015-02-10,14:00:00,121,7,Tuesday
475,2015-02-10,15:00:00,62,7,Tuesday
476,2015-02-10,16:00:00,69,7,Tuesday
477,2015-02-10,17:00:00,93,7,Tuesday
478,2015-02-10,18:00:00,86,7,Tuesday
479,2015-02-10,19:00:00,92,7,Tuesday
480,2015-02-10,20:00:00,188,7,Tuesday
481,2015-02-10,21:00:00,184,7,Tuesday
482,2015-02-11,06:00:00,24,7,Wednesday
483,2015-02-11,07:00:00,24,7,Wednesday
484,2015-02-11,08:00:00,68,7,Wednesday
485,2015-02-11,09:00:00,116,7,Wednesday
486,2015-02-11,10:00:00,90,7,Wednesday
487,2015-02-11,11:00:00,71,7,Wednesday
488,2015-02-11,12:00:00,71,7,Wednesday
489,2015-02-11,13:00:00,185,7,Wednesday
490,2015-02-11,14:00:00,85,7,Wednesday
491,2015-02-11,15:00:00,50,7,Wednesday
492,2015-02-11,16:00:00,60,7,Wednesday
493,2015-02-11,17:00:00,57,7,Wednesday
494,2015-02-11,18:00:00,56,7,Wednesday
495,2015-02-11,19:00:00,94,7,Wednesday
496,2015-02-11,20:00:00,150,7,Wednesday
497,2015-02-11,21:00:00,204,7,Wednesday
498,2015-02-12,06:00:00,13,7,Thursday
499,2015-02-12,07:00:00,45,7,Thursday
500,2015-02-12,08:00:00,50,7,Thursday
501,2015-02-12,09:00:00,71,7,Thursday
502,2015-02-12,10:00:00,105,7,Thursday
503,2015-02-12,11:00:00,79,7,Thursday
504,2015-02-12,12:00:00,97,7,Thursday
505,2015-02-12,13:00:00,119,7,Thursday
506,2015-02-12,14:00:00,104,7,Thursday
507,2015-02-12,15:00:00,32,7,Thursday
508,2015-02-12,16:00:00,26,7,Thursday
509,2015-02-12,17:00:00,38,7,Thursday
510,2015-02-12,18:00:00,64,7,Thursday
511,2015-02-12,19:00:00,96,7,Thursday
512,2015-02-12,20:00:00,158,7,Thursday
513,2015-02-12,21:00:00,187,7,Thursday
514,2015-02-13,06:00:00,24,7,Friday
515,2015-02-13,07:00:00,32,7,Friday
516,2015-02-13,08:00:00,61,7,Friday
517,2015-02-13,09:00:00,76,7,Friday
518,2015-02-13,10:00:00,73,7,Friday
519,2015-02-13,11:00:00,29,7,Friday
520,2015-02-13,12:00:00,38,7,Friday
521,2015-02-13,13:00:00,37,7,Friday
522,2015-02-13,14:00:00,38,7,Friday
523,2015-02-13,15:00:00,36,7,Friday
524,2015-02-13,16:00:00,27,7,Friday
525,2015-02-13,17:00:00,30,7,Friday
526,2015-02-13,18:00:00,92,7,Friday
527,2015-02-13,19:00:00,113,7,Friday
528,2015-02-13,20:00:00,113,7,Friday
529,2015-02-13,21:00:00,136,7,Friday
530,2015-02-14,06:00:00,8,7,Saturday
531,2015-02-14,07:00:00,10,7,Saturday
532,2015-02-14,08:00:00,50,7,Saturday
533,2015-02-14,09:00:00,79,7,Saturday
534,2015-02-14,10:00:00,38,7,Saturday
535,2015-02-14,11:00:00,36,7,Saturday
536,2015-02-14,12:00:00,75,7,Saturday
537,2015-02-14,13:00:00,128,7,Saturday
538,2015-02-14,14:00:00,108,7,Saturday
539,2015-02-14,15:00:00,45,7,Saturday
540,2015-02-14,16:00:00,45,7,Saturday
541,2015-02-14,17:00:00,59,7,Saturday
542,2015-02-14,18:00:00,83,7,Saturday
543,2015-02-14,19:00:00,115,7,Saturday
544,2015-02-14,20:00:00,123,7,Saturday
545,2015-02-14,21:00:00,87,7,Saturday
546,2015-02-15,06:00:00,11,7,Sunday
547,2015-02-15,07:00:00,34,7,Sunday
548,2015-02-15,08:00:00,79,7,Sunday
549,2015-02-15,09:00:00,90,7,Sunday
550,2015-02-15,10:00:00,69,7,Sunday
551,2015-02-15,11:00:00,67,7,Sunday
552,2015-02-15,12:00:00,79,7,Sunday
553,2015-02-15,13:00:00,173,7,Sunday
554,2015-02-15,14:00:00,130,7,Sunday
555,2015-02-15,15:00:00,68,7,Sunday
556,2015-02-15,16:00:00,58,7,Sunday
557,2015-02-15,17:00:00,51,7,Sunday
558,2015-02-15,18:00:00,103,7,Sunday
559,2015-02-15,19:00:00,136,7,Sunday
560,2015-02-15,20:00:00,106,7,Sunday
561,2015-02-15,21:00:00,129,7,Sunday
562,2015-02-16,06:00:00,5,8,Monday
563,2015-02-16,07:00:00,21,8,Monday
564,2015-02-16,08:00:00,62,8,Monday
565,2015-02-16,09:00:00,46,8,Monday
566,2015-02-16,10:00:00,72,8,Monday
567,2015-02-16,11:00:00,69,8,Monday
568,2015-02-16,12:00:00,44,8,Monday
569,2015-02-16,13:00:00,151,8,Monday
570,2015-02-16,14:00:00,122,8,Monday
571,2015-02-16,15:00:00,85,8,Monday
572,2015-02-16,16:00:00,66,8,Monday
573,2015-02-16,17:00:00,56,8,Monday
574,2015-02-16,18:00:00,89,8,Monday
575,2015-02-16,19:00:00,107,8,Monday
576,2015-02-16,20:00:00,177,8,Monday
577,2015-02-16,21:00:00,155,8,Monday
578,2015-02-17,06:00:00,19,8,Tuesday
579,2015-02-17,07:00:00,27,8,Tuesday
580,2015-02-17,08:00:00,34,8,Tuesday
581,2015-02-17,09:00:00,67,8,Tuesday
582,2015-02-17,10:00:00,82,8,Tuesday
583,2015-02-17,11:00:00,61,8,Tuesday
584,2015-02-17,12:00:00,58,8,Tuesday
585,2015-02-17,13:00:00,157,8,Tuesday
586,2015-02-17,14:00:00,55,8,Tuesday
587,2015-02-17,15:00:00,43,8,Tuesday
588,2015-02-17,16:00:00,28,8,Tuesday
589,2015-02-17,17:00:00,86,8,Tuesday
590,2015-02-17,18:00:00,97,8,Tuesday
591,2015-02-17,19:00:00,94,8,Tuesday
592,2015-02-17,20:00:00,123,8,Tuesday
593,2015-02-17,21:00:00,151,8,Tuesday
594,2015-02-18,06:00:00,2,8,Wednesday
595,2015-02-18,07:00:00,14,8,Wednesday
596,2015-02-18,08:00:00,58,8,Wednesday
597,2015-02-18,09:00:00,70,8,Wednesday
598,2015-02-18,10:00:00,74,8,Wednesday
599,2015-02-18,11:00:00,31,8,Wednesday
600,2015-02-18,12:00:00,68,8,Wednesday
601,2015-02-18,13:00:00,132,8,Wednesday
602,2015-02-18,14:00:00,103,8,Wednesday
603,2015-02-18,15:00:00,57,8,Wednesday
604,2015-02-18,16:00:00,39,8,Wednesday
605,2015-02-18,17:00:00,68,8,Wednesday
606,2015-02-18,18:00:00,54,8,Wednesday
607,2015-02-18,19:00:00,90,8,Wednesday
608,2015-02-18,20:00:00,184,8,Wednesday
609,2015-02-18,21:00:00,164,8,Wednesday
610,2015-02-19,06:00:00,55,8,Thursday
611,2015-02-19,07:00:00,21,8,Thursday
612,2015-02-19,08:00:00,58,8,Thursday
613,2015-02-19,09:00:00,85,8,Thursday
614,2015-02-19,10:00:00,79,8,Thursday
615,2015-02-19,11:00:00,46,8,Thursday
616,2015-02-19,12:00:00,70,8,Thursday
617,2015-02-19,13:00:00,98,8,Thursday
618,2015-02-19,14:00:00,106,8,Thursday
619,2015-02-19,15:00:00,42,8,Thursday
620,2015-02-19,16:00:00,23,8,Thursday
621,2015-02-19,17:00:00,42,8,Thursday
622,2015-02-19,18:00:00,70,8,Thursday
623,2015-02-19,19:00:00,121,8,Thursday
624,2015-02-19,20:00:00,100,8,Thursday
625,2015-02-19,21:00:00,104,8,Thursday
626,2015-02-20,06:00:00,11,8,Friday
627,2015-02-20,07:00:00,14,8,Friday
628,2015-02-20,08:00:00,69,8,Friday
629,2015-02-20,09:00:00,112,8,Friday
630,2015-02-20,10:00:00,56,8,Friday
631,2015-02-20,11:00:00,62,8,Friday
632,2015-02-20,12:00:00,70,8,Friday
633,2015-02-20,13:00:00,116,8,Friday
634,2015-02-20,14:00:00,129,8,Friday
635,2015-02-20,15:00:00,73,8,Friday
636,2015-02-20,16:00:00,46,8,Friday
637,2015-02-20,17:00:00,47,8,Friday
638,2015-02-20,18:00:00,83,8,Friday
639,2015-02-20,19:00:00,131,8,Friday
640,2015-02-20,20:00:00,135,8,Friday
641,2015-02-20,21:00:00,127,8,Friday
642,2015-02-21,06:00:00,35,8,Saturday
643,2015-02-21,07:00:00,19,8,Saturday
644,2015-02-21,08:00:00,45,8,Saturday
645,2015-02-21,09:00:00,49,8,Saturday
646,2015-02-21,10:00:00,39,8,Saturday
647,2015-02-21,11:00:00,32,8,Saturday
648,2015-02-21,12:00:00,88,8,Saturday
649,2015-02-21,13:00:00,141,8,Saturday
650,2015-02-21,14:00:00,82,8,Saturday
651,2015-02-21,15:00:00,45,8,Saturday
652,2015-02-21,16:00:00,61,8,Saturday
653,2015-02-21,17:00:00,65,8,Saturday
654,2015-02-21,18:00:00,95,8,Saturday
655,2015-02-21,19:00:00,106,8,Saturday
656,2015-02-21,20:00:00,161,8,Saturday
657,2015-02-21,21:00:00,129,8,Saturday
658,2015-02-22,06:00:00,0,8,Sunday
659,2015-02-22,07:00:00,52,8,Sunday
660,2015-02-22,08:00:00,66,8,Sunday
661,2015-02-22,09:00:00,76,8,Sunday
662,2015-02-22,10:00:00,62,8,Sunday
663,2015-02-22,11:00:00,48,8,Sunday
664,2015-02-22,12:00:00,110,8,Sunday
665,2015-02-22,13:00:00,83,8,Sunday
666,2015-02-22,14:00:00,78,8,Sunday
667,2015-02-22,15:00:00,81,8,Sunday
668,2015-02-22,16:00:00,63,8,Sunday
669,2015-02-22,17:00:00,125,8,Sunday
670,2015-02-22,18:00:00,53,8,Sunday
671,2015-02-22,19:00:00,141,8,Sunday
672,2015-02-22,20:00:00,125,8,Sunday
673,2015-02-22,21:00:00,95,8,Sunday
674,2015-02-23,06:00:00,21,9,Monday
675,2015-02-23,07:00:00,18,9,Monday
676,2015-02-23,08:00:00,38,9,Monday
677,2015-02-23,09:00:00,113,9,Monday
678,2015-02-23,10:00:00,60,9,Monday
679,2015-02-23,11:00:00,61,9,Monday
680,2015-02-23,12:00:00,95,9,Monday
681,2015-02-23,13:00:00,190,9,Monday
682,2015-02-23,14:00:00,119,9,Monday
683,2015-02-23,15:00:00,40,9,Monday
684,2015-02-23,16:00:00,40,9,Monday
685,2015-02-23,17:00:00,49,9,Monday
686,2015-02-23,18:00:00,68,9,Monday
687,2015-02-23,19:00:00,91,9,Monday
688,2015-02-23,20:00:00,127,9,Monday
689,2015-02-23,21:00:00,137,9,Monday
690,2015-02-24,07:00:00,33,9,Tuesday
691,2015-02-24,08:00:00,33,9,Tuesday
692,2015-02-24,09:00:00,64,9,Tuesday
693,2015-02-24,10:00:00,57,9,Tuesday
694,2015-02-24,11:00:00,98,9,Tuesday
695,2015-02-24,12:00:00,60,9,Tuesday
696,2015-02-24,13:00:00,100,9,Tuesday
697,2015-02-24,14:00:00,99,9,Tuesday
698,2015-02-24,15:00:00,80,9,Tuesday
699,2015-02-24,16:00:00,46,9,Tuesday
700,2015-02-24,17:00:00,87,9,Tuesday
701,2015-02-24,18:00:00,65,9,Tuesday
702,2015-02-24,19:00:00,95,9,Tuesday
703,2015-02-24,20:00:00,162,9,Tuesday
704,2015-02-24,21:00:00,155,9,Tuesday
705,2015-02-25,06:00:00,11,9,Wednesday
706,2015-02-25,07:00:00,15,9,Wednesday
707,2015-02-25,08:00:00,75,9,Wednesday
708,2015-02-25,09:00:00,108,9,Wednesday
709,2015-02-25,10:00:00,108,9,Wednesday
710,2015-02-25,11:00:00,68,9,Wednesday
711,2015-02-25,12:00:00,110,9,Wednesday
712,2015-02-25,13:00:00,145,9,Wednesday
713,2015-02-25,14:00:00,193,9,Wednesday
714,2015-02-25,15:00:00,59,9,Wednesday
715,2015-02-25,16:00:00,92,9,Wednesday
716,2015-02-25,17:00:00,60,9,Wednesday
717,2015-02-25,18:00:00,110,9,Wednesday
718,2015-02-25,19:00:00,110,9,Wednesday
719,2015-02-25,20:00:00,151,9,Wednesday
720,2015-02-25,21:00:00,128,9,Wednesday
721,2015-02-26,06:00:00,8,9,Thursday
722,2015-02-26,07:00:00,25,9,Thursday
723,2015-02-26,08:00:00,45,9,Thursday
724,2015-02-26,09:00:00,73,9,Thursday
725,2015-02-26,10:00:00,56,9,Thursday
726,2015-02-26,11:00:00,76,9,Thursday
727,2015-02-26,12:00:00,116,9,Thursday
728,2015-02-26,13:00:00,123,9,Thursday
729,2015-02-26,14:00:00,126,9,Thursday
730,2015-02-26,15:00:00,37,9,Thursday
731,2015-02-26,16:00:00,31,9,Thursday
732,2015-02-26,17:00:00,30,9,Thursday
733,2015-02-26,18:00:00,77,9,Thursday
734,2015-02-26,19:00:00,79,9,Thursday
735,2015-02-26,20:00:00,152,9,Thursday
736,2015-02-26,21:00:00,132,9,Thursday
737,2015-02-27,06:00:00,33,9,Friday
738,2015-02-27,07:00:00,24,9,Friday
739,2015-02-27,08:00:00,44,9,Friday
740,2015-02-27,09:00:00,81,9,Friday
741,2015-02-27,10:00:00,66,9,Friday
742,2015-02-27,11:00:00,27,9,Friday
743,2015-02-27,12:00:00,97,9,Friday
744,2015-02-27,13:00:00,107,9,Friday
745,2015-02-27,14:00:00,128,9,Friday
746,2015-02-27,15:00:00,41,9,Friday
747,2015-02-27,16:00:00,44,9,Friday
748,2015-02-27,17:00:00,61,9,Friday
749,2015-02-27,18:00:00,55,9,Friday
750,2015-02-27,19:00:00,85,9,Friday
751,2015-02-27,20:00:00,88,9,Friday
752,2015-02-27,21:00:00,72,9,Friday
753,2015-02-28,06:00:00,2,9,Saturday
754,2015-02-28,07:00:00,13,9,Saturday
755,2015-02-28,08:00:00,52,9,Saturday
756,2015-02-28,09:00:00,51,9,Saturday
757,2015-02-28,10:00:00,44,9,Saturday
758,2015-02-28,11:00:00,64,9,Saturday
759,2015-02-28,12:00:00,97,9,Saturday
760,2015-02-28,13:00:00,125,9,Saturday
761,2015-02-28,14:00:00,159,9,Saturday
762,2015-02-28,15:00:00,71,9,Saturday
763,2015-02-28,16:00:00,66,9,Saturday
764,2015-02-28,17:00:00,110,9,Saturday
765,2015-02-28,18:00:00,100,9,Saturday
766,2015-02-28,19:00:00,118,9,Saturday
767,2015-02-28,20:00:00,119,9,Saturday
768,2015-02-28,21:00:00,119,9,Saturday
769,2015-03-01,06:00:00,9,9,Sunday
770,2015-03-01,07:00:00,28,9,Sunday
771,2015-03-01,08:00:00,76,9,Sunday
772,2015-03-01,09:00:00,156,9,Sunday
773,2015-03-01,10:00:00,84,9,Sunday
774,2015-03-01,11:00:00,70,9,Sunday
775,2015-03-01,12:00:00,75,9,Sunday
776,2015-03-01,13:00:00,144,9,Sunday
777,2015-03-01,14:00:00,182,9,Sunday
778,2015-03-01,15:00:00,41,9,Sunday
779,2015-03-01,16:00:00,33,9,Sunday
780,2015-03-01,17:00:00,76,9,Sunday
781,2015-03-01,18:00:00,97,9,Sunday
782,2015-03-01,19:00:00,86,9,Sunday
783,2015-03-01,20:00:00,165,9,Sunday
784,2015-03-01,21:00:00,121,9,Sunday
785,2015-03-02,06:00:00,25,10,Monday
786,2015-03-02,07:00:00,35,10,Monday
787,2015-03-02,08:00:00,60,10,Monday
788,2015-03-02,09:00:00,101,10,Monday
789,2015-03-02,10:00:00,92,10,Monday
790,2015-03-02,11:00:00,91,10,Monday
791,2015-03-02,12:00:00,89,10,Monday
792,2015-03-02,13:00:00,142,10,Monday
793,2015-03-02,14:00:00,147,10,Monday
794,2015-03-02,15:00:00,78,10,Monday
795,2015-03-02,16:00:00,62,10,Monday
796,2015-03-02,17:00:00,93,10,Monday
797,2015-03-02,18:00:00,53,10,Monday
798,2015-03-02,19:00:00,82,10,Monday
799,2015-03-02,20:00:00,139,10,Monday
800,2015-03-02,21:00:00,210,10,Monday
801,2015-03-03,06:00:00,31,10,Tuesday
802,2015-03-03,07:00:00,24,10,Tuesday
803,2015-03-03,08:00:00,91,10,Tuesday
804,2015-03-03,09:00:00,99,10,Tuesday
805,2015-03-03,10:00:00,101,10,Tuesday
806,2015-03-03,11:00:00,72,10,Tuesday
807,2015-03-03,12:00:00,129,10,Tuesday
808,2015-03-03,13:00:00,91,10,Tuesday
809,2015-03-03,14:00:00,139,10,Tuesday
810,2015-03-03,15:00:00,70,10,Tuesday
811,2015-03-03,16:00:00,59,10,Tuesday
812,2015-03-03,17:00:00,76,10,Tuesday
813,2015-03-03,18:00:00,71,10,Tuesday
814,2015-03-03,19:00:00,126,10,Tuesday
815,2015-03-03,20:00:00,153,10,Tuesday
816,2015-03-03,21:00:00,160,10,Tuesday
817,2015-03-04,06:00:00,16,10,Wednesday
818,2015-03-04,07:00:00,23,10,Wednesday
819,2015-03-04,08:00:00,39,10,Wednesday
820,2015-03-04,09:00:00,111,10,Wednesday
821,2015-03-04,10:00:00,105,10,Wednesday
822,2015-03-04,11:00:00,52,10,Wednesday
823,2015-03-04,12:00:00,76,10,Wednesday
824,2015-03-04,13:00:00,150,10,Wednesday
825,2015-03-04,14:00:00,174,10,Wednesday
826,2015-03-04,15:00:00,45,10,Wednesday
827,2015-03-04,16:00:00,89,10,Wednesday
828,2015-03-04,17:00:00,114,10,Wednesday
829,2015-03-04,18:00:00,48,10,Wednesday
830,2015-03-04,19:00:00,63,10,Wednesday
831,2015-03-04,20:00:00,158,10,Wednesday
832,2015-03-04,21:00:00,226,10,Wednesday
833,2015-03-05,06:00:00,16,10,Thursday
834,2015-03-05,07:00:00,44,10,Thursday
835,2015-03-05,08:00:00,53,10,Thursday
836,2015-03-05,09:00:00,119,10,Thursday
837,2015-03-05,10:00:00,110,10,Thursday
838,2015-03-05,11:00:00,73,10,Thursday
839,2015-03-05,12:00:00,135,10,Thursday
840,2015-03-05,13:00:00,142,10,Thursday
841,2015-03-05,14:00:00,92,10,Thursday
842,2015-03-05,15:00:00,46,10,Thursday
843,2015-03-05,16:00:00,43,10,Thursday
844,2015-03-05,17:00:00,71,10,Thursday
845,2015-03-05,18:00:00,77,10,Thursday
846,2015-03-05,19:00:00,148,10,Thursday
847,2015-03-05,20:00:00,145,10,Thursday
848,2015-03-05,21:00:00,190,10,Thursday
849,2015-03-06,06:00:00,32,10,Friday
850,2015-03-06,07:00:00,39,10,Friday
851,2015-03-06,08:00:00,62,10,Friday
852,2015-03-06,09:00:00,85,10,Friday
853,2015-03-06,10:00:00,84,10,Friday
854,2015-03-06,11:00:00,19,10,Friday
855,2015-03-06,12:00:00,81,10,Friday
856,2015-03-06,13:00:00,127,10,Friday
857,2015-03-06,14:00:00,98,10,Friday
858,2015-03-06,15:00:00,73,10,Friday
859,2015-03-06,16:00:00,49,10,Friday
860,2015-03-06,17:00:00,45,10,Friday
861,2015-03-06,18:00:00,48,10,Friday
862,2015-03-06,19:00:00,80,10,Friday
863,2015-03-06,20:00:00,127,10,Friday
864,2015-03-06,21:00:00,109,10,Friday
865,2015-03-07,06:00:00,13,10,Saturday
866,2015-03-07,07:00:00,19,10,Saturday
867,2015-03-07,08:00:00,42,10,Saturday
868,2015-03-07,09:00:00,85,10,Saturday
869,2015-03-07,10:00:00,42,10,Saturday
870,2015-03-07,11:00:00,58,10,Saturday
871,2015-03-07,12:00:00,101,10,Saturday
872,2015-03-07,13:00:00,143,10,Saturday
873,2015-03-07,14:00:00,124,10,Saturday
874,2015-03-07,15:00:00,73,10,Saturday
875,2015-03-07,16:00:00,50,10,Saturday
876,2015-03-07,17:00:00,54,10,Saturday
877,2015-03-07,18:00:00,71,10,Saturday
878,2015-03-07,19:00:00,95,10,Saturday
879,2015-03-07,20:00:00,134,10,Saturday
880,2015-03-07,21:00:00,96,10,Saturday
881,2015-03-08,06:00:00,20,10,Sunday
882,2015-03-08,07:00:00,23,10,Sunday
883,2015-03-08,08:00:00,32,10,Sunday
884,2015-03-08,09:00:00,94,10,Sunday
885,2015-03-08,10:00:00,70,10,Sunday
886,2015-03-08,11:00:00,50,10,Sunday
887,2015-03-08,12:00:00,69,10,Sunday
888,2015-03-08,13:00:00,89,10,Sunday
889,2015-03-08,14:00:00,113,10,Sunday
890,2015-03-08,15:00:00,110,10,Sunday
891,2015-03-08,16:00:00,37,10,Sunday
892,2015-03-08,17:00:00,50,10,Sunday
893,2015-03-08,18:00:00,97,10,Sunday
894,2015-03-08,19:00:00,59,10,Sunday
895,2015-03-08,20:00:00,115,10,Sunday
896,2015-03-08,21:00:00,134,10,Sunday
897,2015-03-09,06:00:00,3,11,Monday
898,2015-03-09,07:00:00,17,11,Monday
899,2015-03-09,08:00:00,35,11,Monday
900,2015-03-09,09:00:00,49,11,Monday
901,2015-03-09,10:00:00,91,11,Monday
902,2015-03-09,11:00:00,72,11,Monday
903,2015-03-09,12:00:00,72,11,Monday
904,2015-03-09,13:00:00,122,11,Monday
905,2015-03-09,14:00:00,108,11,Monday
906,2015-03-09,15:00:00,82,11,Monday
907,2015-03-09,16:00:00,73,11,Monday
908,2015-03-09,17:00:00,41,11,Monday
909,2015-03-09,18:00:00,61,11,Monday
910,2015-03-09,19:00:00,89,11,Monday
911,2015-03-09,20:00:00,134,11,Monday
912,2015-03-09,21:00:00,107,11,Monday
913,2015-03-10,06:00:00,33,11,Tuesday
914,2015-03-10,07:00:00,35,11,Tuesday
915,2015-03-10,08:00:00,22,11,Tuesday
916,2015-03-10,09:00:00,53,11,Tuesday
917,2015-03-10,10:00:00,74,11,Tuesday
918,2015-03-10,11:00:00,70,11,Tuesday
919,2015-03-10,12:00:00,72,11,Tuesday
920,2015-03-10,13:00:00,87,11,Tuesday
921,2015-03-10,14:00:00,99,11,Tuesday
922,2015-03-10,15:00:00,120,11,Tuesday
923,2015-03-10,16:00:00,88,11,Tuesday
924,2015-03-10,17:00:00,80,11,Tuesday
925,2015-03-10,18:00:00,83,11,Tuesday
926,2015-03-10,19:00:00,100,11,Tuesday
927,2015-03-10,20:00:00,147,11,Tuesday
928,2015-03-10,21:00:00,149,11,Tuesday
929,2015-03-11,06:00:00,91,11,Wednesday
930,2015-03-11,07:00:00,32,11,Wednesday
931,2015-03-11,08:00:00,17,11,Wednesday
932,2015-03-11,09:00:00,38,11,Wednesday
933,2015-03-11,10:00:00,65,11,Wednesday
934,2015-03-11,11:00:00,55,11,Wednesday
935,2015-03-11,12:00:00,57,11,Wednesday
936,2015-03-11,13:00:00,67,11,Wednesday
937,2015-03-11,14:00:00,112,11,Wednesday
938,2015-03-11,15:00:00,102,11,Wednesday
939,2015-03-11,16:00:00,93,11,Wednesday
940,2015-03-11,17:00:00,92,11,Wednesday
941,2015-03-11,18:00:00,66,11,Wednesday
942,2015-03-11,19:00:00,82,11,Wednesday
943,2015-03-11,20:00:00,130,11,Wednesday
944,2015-03-11,21:00:00,140,11,Wednesday
945,2015-03-12,06:00:00,28,11,Thursday
946,2015-03-12,07:00:00,24,11,Thursday
947,2015-03-12,08:00:00,46,11,Thursday
948,2015-03-12,09:00:00,71,11,Thursday
949,2015-03-12,10:00:00,90,11,Thursday
950,2015-03-12,11:00:00,58,11,Thursday
951,2015-03-12,12:00:00,31,11,Thursday
952,2015-03-12,13:00:00,87,11,Thursday
953,2015-03-12,14:00:00,116,11,Thursday
954,2015-03-12,15:00:00,137,11,Thursday
955,2015-03-12,16:00:00,64,11,Thursday
956,2015-03-12,17:00:00,69,11,Thursday
957,2015-03-12,18:00:00,78,11,Thursday
958,2015-03-12,19:00:00,77,11,Thursday
959,2015-03-12,20:00:00,179,11,Thursday
960,2015-03-12,21:00:00,103,11,Thursday
961,2015-03-13,06:00:00,6,11,Friday
962,2015-03-13,07:00:00,21,11,Friday
963,2015-03-13,08:00:00,22,11,Friday
964,2015-03-13,09:00:00,52,11,Friday
965,2015-03-13,10:00:00,109,11,Friday
966,2015-03-13,11:00:00,17,11,Friday
967,2015-03-13,12:00:00,14,11,Friday
968,2015-03-13,13:00:00,68,11,Friday
969,2015-03-13,14:00:00,96,11,Friday
970,2015-03-13,15:00:00,113,11,Friday
971,2015-03-13,16:00:00,70,11,Friday
972,2015-03-13,17:00:00,60,11,Friday
973,2015-03-13,18:00:00,43,11,Friday
974,2015-03-13,19:00:00,77,11,Friday
975,2015-03-13,20:00:00,116,11,Friday
976,2015-03-13,21:00:00,115,11,Friday
977,2015-03-14,06:00:00,6,11,Saturday
978,2015-03-14,07:00:00,27,11,Saturday
979,2015-03-14,08:00:00,23,11,Saturday
980,2015-03-14,09:00:00,53,11,Saturday
981,2015-03-14,10:00:00,47,11,Saturday
982,2015-03-14,11:00:00,38,11,Saturday
983,2015-03-14,12:00:00,34,11,Saturday
984,2015-03-14,13:00:00,97,11,Saturday
985,2015-03-14,14:00:00,107,11,Saturday
986,2015-03-14,15:00:00,112,11,Saturday
987,2015-03-14,16:00:00,61,11,Saturday
988,2015-03-14,17:00:00,54,11,Saturday
989,2015-03-14,18:00:00,95,11,Saturday
990,2015-03-14,19:00:00,111,11,Saturday
991,2015-03-14,20:00:00,115,11,Saturday
992,2015-03-14,21:00:00,191,11,Saturday
993,2015-03-15,06:00:00,6,11,Sunday
994,2015-03-15,07:00:00,9,11,Sunday
995,2015-03-15,08:00:00,35,11,Sunday
996,2015-03-15,09:00:00,82,11,Sunday
997,2015-03-15,10:00:00,115,11,Sunday
998,2015-03-15,11:00:00,109,11,Sunday
999,2015-03-15,12:00:00,39,11,Sunday
1000,2015-03-15,13:00:00,110,11,Sunday
1001,2015-03-15,14:00:00,117,11,Sunday
1002,2015-03-15,15:00:00,149,11,Sunday
1003,2015-03-15,16:00:00,88,11,Sunday
1004,2015-03-15,17:00:00,44,11,Sunday
1005,2015-03-15,18:00:00,81,11,Sunday
1006,2015-03-15,19:00:00,88,11,Sunday
1007,2015-03-15,20:00:00,121,11,Sunday
1008,2015-03-15,21:00:00,148,11,Sunday
1009,2015-03-16,06:00:00,9,12,Monday
1010,2015-03-16,07:00:00,46,12,Monday
1011,2015-03-16,08:00:00,44,12,Monday
1012,2015-03-16,09:00:00,65,12,Monday
1013,2015-03-16,10:00:00,110,12,Monday
1014,2015-03-16,11:00:00,111,12,Monday
1015,2015-03-16,12:00:00,66,12,Monday
1016,2015-03-16,13:00:00,168,12,Monday
1017,2015-03-16,14:00:00,111,12,Monday
1018,2015-03-16,15:00:00,121,12,Monday
1019,2015-03-16,16:00:00,97,12,Monday
1020,2015-03-16,17:00:00,63,12,Monday
1021,2015-03-16,18:00:00,60,12,Monday
1022,2015-03-16,19:00:00,91,12,Monday
1023,2015-03-16,20:00:00,126,12,Monday
1024,2015-03-16,21:00:00,176,12,Monday
1025,2015-03-17,06:00:00,7,12,Tuesday
1026,2015-03-17,07:00:00,28,12,Tuesday
1027,2015-03-17,08:00:00,32,12,Tuesday
1028,2015-03-17,09:00:00,80,12,Tuesday
1029,2015-03-17,10:00:00,60,12,Tuesday
1030,2015-03-17,11:00:00,76,12,Tuesday
1031,2015-03-17,12:00:00,44,12,Tuesday
1032,2015-03-17,13:00:00,143,12,Tuesday
1033,2015-03-17,14:00:00,78,12,Tuesday
1034,2015-03-17,15:00:00,97,12,Tuesday
1035,2015-03-17,16:00:00,77,12,Tuesday
1036,2015-03-17,17:00:00,95,12,Tuesday
1037,2015-03-17,18:00:00,60,12,Tuesday
1038,2015-03-17,19:00:00,99,12,Tuesday
1039,2015-03-17,20:00:00,175,12,Tuesday
1040,2015-03-17,21:00:00,163,12,Tuesday
1041,2015-03-18,06:00:00,0,12,Wednesday
1042,2015-03-18,07:00:00,44,12,Wednesday
1043,2015-03-18,08:00:00,32,12,Wednesday
1044,2015-03-18,09:00:00,44,12,Wednesday
1045,2015-03-18,10:00:00,106,12,Wednesday
1046,2015-03-18,11:00:00,83,12,Wednesday
1047,2015-03-18,12:00:00,62,12,Wednesday
1048,2015-03-18,13:00:00,93,12,Wednesday
1049,2015-03-18,14:00:00,173,12,Wednesday
1050,2015-03-18,15:00:00,97,12,Wednesday
1051,2015-03-18,16:00:00,84,12,Wednesday
1052,2015-03-18,17:00:00,84,12,Wednesday
1053,2015-03-18,18:00:00,93,12,Wednesday
1054,2015-03-18,19:00:00,77,12,Wednesday
1055,2015-03-18,20:00:00,134,12,Wednesday
1056,2015-03-18,21:00:00,198,12,Wednesday
1057,2015-03-19,06:00:00,6,12,Thursday
1058,2015-03-19,07:00:00,47,12,Thursday
1059,2015-03-19,08:00:00,37,12,Thursday
1060,2015-03-19,09:00:00,47,12,Thursday
1061,2015-03-19,10:00:00,70,12,Thursday
1062,2015-03-19,11:00:00,41,12,Thursday
1063,2015-03-19,12:00:00,49,12,Thursday
1064,2015-03-19,13:00:00,86,12,Thursday
1065,2015-03-19,14:00:00,75,12,Thursday
1066,2015-03-19,15:00:00,104,12,Thursday
1067,2015-03-19,16:00:00,58,12,Thursday
1068,2015-03-19,17:00:00,47,12,Thursday
1069,2015-03-19,18:00:00,74,12,Thursday
1070,2015-03-19,19:00:00,108,12,Thursday
1071,2015-03-19,20:00:00,194,12,Thursday
1072,2015-03-19,21:00:00,94,12,Thursday
1073,2015-03-20,06:00:00,3,12,Friday
1074,2015-03-20,07:00:00,39,12,Friday
1075,2015-03-20,08:00:00,43,12,Friday
1076,2015-03-20,09:00:00,64,12,Friday
1077,2015-03-20,10:00:00,87,12,Friday
1078,2015-03-20,11:00:00,41,12,Friday
1079,2015-03-20,12:00:00,38,12,Friday
1080,2015-03-20,13:00:00,46,12,Friday
1081,2015-03-20,14:00:00,128,12,Friday
1082,2015-03-20,15:00:00,151,12,Friday
1083,2015-03-20,16:00:00,49,12,Friday
1084,2015-03-20,17:00:00,49,12,Friday
1085,2015-03-20,18:00:00,54,12,Friday
1086,2015-03-20,19:00:00,84,12,Friday
1087,2015-03-20,20:00:00,101,12,Friday
1088,2015-03-20,21:00:00,124,12,Friday
1089,2015-03-21,06:00:00,6,12,Saturday
1090,2015-03-21,07:00:00,10,12,Saturday
1091,2015-03-21,08:00:00,28,12,Saturday
1092,2015-03-21,09:00:00,45,12,Saturday
1093,2015-03-21,10:00:00,81,12,Saturday
1094,2015-03-21,11:00:00,42,12,Saturday
1095,2015-03-21,12:00:00,56,12,Saturday
1096,2015-03-21,13:00:00,91,12,Saturday
1097,2015-03-21,14:00:00,127,12,Saturday
1098,2015-03-21,15:00:00,123,12,Saturday
1099,2015-03-21,16:00:00,72,12,Saturday
1100,2015-03-21,17:00:00,47,12,Saturday
1101,2015-03-21,18:00:00,86,12,Saturday
1102,2015-03-21,19:00:00,114,12,Saturday
1103,2015-03-21,20:00:00,127,12,Saturday
1104,2015-03-21,21:00:00,132,12,Saturday
1105,2015-03-22,07:00:00,29,12,Sunday
1106,2015-03-22,08:00:00,21,12,Sunday
1107,2015-03-22,09:00:00,38,12,Sunday
1108,2015-03-22,10:00:00,126,12,Sunday
1109,2015-03-22,11:00:00,71,12,Sunday
1110,2015-03-22,12:00:00,59,12,Sunday
1111,2015-03-22,13:00:00,69,12,Sunday
1112,2015-03-22,14:00:00,114,12,Sunday
1113,2015-03-22,15:00:00,103,12,Sunday
1114,2015-03-22,16:00:00,49,12,Sunday
1115,2015-03-22,17:00:00,33,12,Sunday
1116,2015-03-22,18:00:00,76,12,Sunday
1117,2015-03-22,19:00:00,100,12,Sunday
1118,2015-03-22,20:00:00,113,12,Sunday
1119,2015-03-22,21:00:00,191,12,Sunday
1120,2015-03-23,06:00:00,10,13,Monday
1121,2015-03-23,07:00:00,27,13,Monday
1122,2015-03-23,08:00:00,31,13,Monday
1123,2015-03-23,09:00:00,60,13,Monday
1124,2015-03-23,10:00:00,85,13,Monday
1125,2015-03-23,11:00:00,84,13,Monday
1126,2015-03-23,12:00:00,67,13,Monday
1127,2015-03-23,13:00:00,94,13,Monday
1128,2015-03-23,14:00:00,110,13,Monday
1129,2015-03-23,15:00:00,112,13,Monday
1130,2015-03-23,16:00:00,87,13,Monday
1131,2015-03-23,17:00:00,57,13,Monday
1132,2015-03-23,18:00:00,82,13,Monday
1133,2015-03-23,19:00:00,101,13,Monday
1134,2015-03-23,20:00:00,128,13,Monday
1135,2015-03-23,21:00:00,160,13,Monday
1136,2015-03-24,06:00:00,16,13,Tuesday
1137,2015-03-24,07:00:00,23,13,Tuesday
1138,2015-03-24,08:00:00,43,13,Tuesday
1139,2015-03-24,09:00:00,62,13,Tuesday
1140,2015-03-24,10:00:00,141,13,Tuesday
1141,2015-03-24,11:00:00,85,13,Tuesday
1142,2015-03-24,12:00:00,88,13,Tuesday
1143,2015-03-24,13:00:00,104,13,Tuesday
1144,2015-03-24,14:00:00,132,13,Tuesday
1145,2015-03-24,15:00:00,116,13,Tuesday
1146,2015-03-24,16:00:00,91,13,Tuesday
1147,2015-03-24,17:00:00,33,13,Tuesday
1148,2015-03-24,18:00:00,79,13,Tuesday
1149,2015-03-24,19:00:00,156,13,Tuesday
1150,2015-03-24,20:00:00,163,13,Tuesday
1151,2015-03-24,21:00:00,149,13,Tuesday
1152,2015-03-25,06:00:00,7,13,Wednesday
1153,2015-03-25,07:00:00,48,13,Wednesday
1154,2015-03-25,08:00:00,52,13,Wednesday
1155,2015-03-25,09:00:00,56,13,Wednesday
1156,2015-03-25,10:00:00,109,13,Wednesday
1157,2015-03-25,11:00:00,99,13,Wednesday
1158,2015-03-25,12:00:00,73,13,Wednesday
1159,2015-03-25,13:00:00,141,13,Wednesday
1160,2015-03-25,14:00:00,158,13,Wednesday
1161,2015-03-25,15:00:00,183,13,Wednesday
1162,2015-03-25,16:00:00,86,13,Wednesday
1163,2015-03-25,17:00:00,88,13,Wednesday
1164,2015-03-25,18:00:00,63,13,Wednesday
1165,2015-03-25,19:00:00,96,13,Wednesday
1166,2015-03-25,20:00:00,173,13,Wednesday
1167,2015-03-25,21:00:00,178,13,Wednesday
1168,2015-03-26,06:00:00,7,13,Thursday
1169,2015-03-26,07:00:00,45,13,Thursday
1170,2015-03-26,08:00:00,14,13,Thursday
1171,2015-03-26,09:00:00,53,13,Thursday
1172,2015-03-26,10:00:00,101,13,Thursday
1173,2015-03-26,11:00:00,53,13,Thursday
1174,2015-03-26,12:00:00,95,13,Thursday
1175,2015-03-26,13:00:00,97,13,Thursday
1176,2015-03-26,14:00:00,98,13,Thursday
1177,2015-03-26,15:00:00,75,13,Thursday
1178,2015-03-26,16:00:00,17,13,Thursday
1179,2015-03-26,17:00:00,72,13,Thursday
1180,2015-03-26,18:00:00,76,13,Thursday
1181,2015-03-26,19:00:00,142,13,Thursday
1182,2015-03-26,20:00:00,84,13,Thursday
1183,2015-03-26,21:00:00,146,13,Thursday
1184,2015-03-27,06:00:00,0,13,Friday
1185,2015-03-27,07:00:00,38,13,Friday
1186,2015-03-27,08:00:00,55,13,Friday
1187,2015-03-27,09:00:00,80,13,Friday
1188,2015-03-27,10:00:00,82,13,Friday
1189,2015-03-27,11:00:00,45,13,Friday
1190,2015-03-27,12:00:00,56,13,Friday
1191,2015-03-27,13:00:00,82,13,Friday
1192,2015-03-27,14:00:00,109,13,Friday
1193,2015-03-27,15:00:00,119,13,Friday
1194,2015-03-27,16:00:00,22,13,Friday
1195,2015-03-27,17:00:00,31,13,Friday
1196,2015-03-27,18:00:00,48,13,Friday
1197,2015-03-27,19:00:00,83,13,Friday
1198,2015-03-27,20:00:00,112,13,Friday
1199,2015-03-27,21:00:00,105,13,Friday
1200,2015-03-28,07:00:00,51,13,Saturday
1201,2015-03-28,08:00:00,34,13,Saturday
1202,2015-03-28,09:00:00,47,13,Saturday
1203,2015-03-28,10:00:00,100,13,Saturday
1204,2015-03-28,11:00:00,7,13,Saturday
1205,2015-03-28,12:00:00,75,13,Saturday
1206,2015-03-28,13:00:00,106,13,Saturday
1207,2015-03-28,14:00:00,104,13,Saturday
1208,2015-03-28,15:00:00,117,13,Saturday
1209,2015-03-28,16:00:00,77,13,Saturday
1210,2015-03-28,17:00:00,53,13,Saturday
1211,2015-03-28,18:00:00,19,13,Saturday
1212,2015-03-28,19:00:00,98,13,Saturday
1213,2015-03-28,20:00:00,109,13,Saturday
1214,2015-03-28,21:00:00,136,13,Saturday
1215,2015-03-29,06:00:00,6,13,Sunday
1216,2015-03-29,07:00:00,36,13,Sunday
1217,2015-03-29,08:00:00,66,13,Sunday
1218,2015-03-29,09:00:00,60,13,Sunday
1219,2015-03-29,10:00:00,112,13,Sunday
1220,2015-03-29,11:00:00,109,13,Sunday
1221,2015-03-29,12:00:00,54,13,Sunday
1222,2015-03-29,13:00:00,73,13,Sunday
1223,2015-03-29,14:00:00,175,13,Sunday
1224,2015-03-29,15:00:00,171,13,Sunday
1225,2015-03-29,16:00:00,54,13,Sunday
1226,2015-03-29,17:00:00,55,13,Sunday
1227,2015-03-29,18:00:00,23,13,Sunday
1228,2015-03-29,19:00:00,58,13,Sunday
1229,2015-03-29,20:00:00,147,13,Sunday
1230,2015-03-29,21:00:00,139,13,Sunday
1231,2015-03-30,06:00:00,19,14,Monday
1232,2015-03-30,07:00:00,52,14,Monday
1233,2015-03-30,08:00:00,40,14,Monday
1234,2015-03-30,09:00:00,74,14,Monday
1235,2015-03-30,10:00:00,107,14,Monday
1236,2015-03-30,11:00:00,135,14,Monday
1237,2015-03-30,12:00:00,149,14,Monday
1238,2015-03-30,13:00:00,179,14,Monday
1239,2015-03-30,14:00:00,126,14,Monday
1240,2015-03-30,15:00:00,116,14,Monday
1241,2015-03-30,16:00:00,103,14,Monday
1242,2015-03-30,17:00:00,96,14,Monday
1243,2015-03-30,18:00:00,92,14,Monday
1244,2015-03-30,19:00:00,80,14,Monday
1245,2015-03-30,20:00:00,111,14,Monday
1246,2015-03-30,21:00:00,112,14,Monday
1247,2015-03-31,06:00:00,21,14,Tuesday
1248,2015-03-31,07:00:00,22,14,Tuesday
1249,2015-03-31,08:00:00,53,14,Tuesday
1250,2015-03-31,09:00:00,41,14,Tuesday
1251,2015-03-31,10:00:00,94,14,Tuesday
1252,2015-03-31,11:00:00,111,14,Tuesday
1253,2015-03-31,12:00:00,86,14,Tuesday
1254,2015-03-31,13:00:00,100,14,Tuesday
1255,2015-03-31,14:00:00,116,14,Tuesday
1256,2015-03-31,15:00:00,102,14,Tuesday
1257,2015-03-31,16:00:00,62,14,Tuesday
1258,2015-03-31,17:00:00,46,14,Tuesday
1259,2015-03-31,18:00:00,38,14,Tuesday
1260,2015-03-31,19:00:00,126,14,Tuesday
1261,2015-03-31,20:00:00,122,14,Tuesday
1262,2015-03-31,21:00:00,145,14,Tuesday
1263,2015-04-01,06:00:00,12,14,Wednesday
1264,2015-04-01,07:00:00,52,14,Wednesday
1265,2015-04-01,08:00:00,48,14,Wednesday
1266,2015-04-01,09:00:00,81,14,Wednesday
1267,2015-04-01,10:00:00,115,14,Wednesday
1268,2015-04-01,11:00:00,109,14,Wednesday
1269,2015-04-01,12:00:00,97,14,Wednesday
1270,2015-04-01,13:00:00,124,14,Wednesday
1271,2015-04-01,14:00:00,175,14,Wednesday
1272,2015-04-01,15:00:00,112,14,Wednesday
1273,2015-04-01,16:00:00,75,14,Wednesday
1274,2015-04-01,17:00:00,120,14,Wednesday
1275,2015-04-01,18:00:00,86,14,Wednesday
1276,2015-04-01,19:00:00,85,14,Wednesday
1277,2015-04-01,20:00:00,182,14,Wednesday
1278,2015-04-01,21:00:00,153,14,Wednesday
1279,2015-04-02,06:00:00,6,14,Thursday
1280,2015-04-02,07:00:00,42,14,Thursday
1281,2015-04-02,08:00:00,30,14,Thursday
1282,2015-04-02,09:00:00,76,14,Thursday
1283,2015-04-02,10:00:00,95,14,Thursday
1284,2015-04-02,11:00:00,85,14,Thursday
1285,2015-04-02,12:00:00,124,14,Thursday
1286,2015-04-02,13:00:00,95,14,Thursday
1287,2015-04-02,14:00:00,160,14,Thursday
1288,2015-04-02,15:00:00,83,14,Thursday
1289,2015-04-02,16:00:00,69,14,Thursday
1290,2015-04-02,17:00:00,102,14,Thursday
1291,2015-04-02,18:00:00,45,14,Thursday
1292,2015-04-02,19:00:00,85,14,Thursday
1293,2015-04-02,20:00:00,108,14,Thursday
1294,2015-04-02,21:00:00,165,14,Thursday
1295,2015-04-03,06:00:00,17,14,Friday
1296,2015-04-03,07:00:00,17,14,Friday
1297,2015-04-03,08:00:00,43,14,Friday
1298,2015-04-03,09:00:00,58,14,Friday
1299,2015-04-03,10:00:00,78,14,Friday
1300,2015-04-03,11:00:00,60,14,Friday
1301,2015-04-03,12:00:00,53,14,Friday
1302,2015-04-03,13:00:00,74,14,Friday
1303,2015-04-03,14:00:00,129,14,Friday
1304,2015-04-03,15:00:00,131,14,Friday
1305,2015-04-03,16:00:00,76,14,Friday
1306,2015-04-03,17:00:00,45,14,Friday
1307,2015-04-03,18:00:00,58,14,Friday
1308,2015-04-03,19:00:00,69,14,Friday
1309,2015-04-03,20:00:00,122,14,Friday
1310,2015-04-03,21:00:00,84,14,Friday
1311,2015-04-04,09:00:00,18,14,Saturday
1312,2015-04-04,10:00:00,58,14,Saturday
1313,2015-04-04,11:00:00,101,14,Saturday
1314,2015-04-04,12:00:00,101,14,Saturday
1315,2015-04-04,13:00:00,119,14,Saturday
1316,2015-04-04,14:00:00,143,14,Saturday
1317,2015-04-04,15:00:00,148,14,Saturday
1318,2015-04-04,16:00:00,55,14,Saturday
1319,2015-04-04,17:00:00,53,14,Saturday
1320,2015-04-04,18:00:00,43,14,Saturday
1321,2015-04-04,19:00:00,74,14,Saturday
1322,2015-04-04,20:00:00,134,14,Saturday
1323,2015-04-04,21:00:00,139,14,Saturday
1324,2015-04-05,06:00:00,5,14,Sunday
1325,2015-04-05,07:00:00,39,14,Sunday
1326,2015-04-05,08:00:00,47,14,Sunday
1327,2015-04-05,09:00:00,72,14,Sunday
1328,2015-04-05,10:00:00,98,14,Sunday
1329,2015-04-05,11:00:00,71,14,Sunday
1330,2015-04-05,12:00:00,95,14,Sunday
1331,2015-04-05,13:00:00,92,14,Sunday
1332,2015-04-05,14:00:00,144,14,Sunday
1333,2015-04-05,15:00:00,131,14,Sunday
1334,2015-04-05,16:00:00,81,14,Sunday
1335,2015-04-05,17:00:00,55,14,Sunday
1336,2015-04-05,18:00:00,33,14,Sunday
1337,2015-04-05,19:00:00,138,14,Sunday
1338,2015-04-05,20:00:00,139,14,Sunday
1339,2015-04-05,21:00:00,144,14,Sunday
1340,2015-04-06,06:00:00,12,15,Monday
1341,2015-04-06,07:00:00,28,15,Monday
1342,2015-04-06,08:00:00,31,15,Monday
1343,2015-04-06,09:00:00,76,15,Monday
1344,2015-04-06,10:00:00,101,15,Monday
1345,2015-04-06,11:00:00,97,15,Monday
1346,2015-04-06,12:00:00,94,15,Monday
1347,2015-04-06,13:00:00,107,15,Monday
1348,2015-04-06,14:00:00,177,15,Monday
1349,2015-04-06,15:00:00,105,15,Monday
1350,2015-04-06,16:00:00,107,15,Monday
1351,2015-04-06,17:00:00,115,15,Monday
1352,2015-04-06,18:00:00,81,15,Monday
1353,2015-04-06,19:00:00,81,15,Monday
1354,2015-04-06,20:00:00,181,15,Monday
1355,2015-04-06,21:00:00,161,15,Monday
1356,2015-04-07,07:00:00,29,15,Tuesday
1357,2015-04-07,08:00:00,51,15,Tuesday
1358,2015-04-07,09:00:00,39,15,Tuesday
1359,2015-04-07,10:00:00,93,15,Tuesday
1360,2015-04-07,11:00:00,154,15,Tuesday
1361,2015-04-07,12:00:00,82,15,Tuesday
1362,2015-04-07,13:00:00,113,15,Tuesday
1363,2015-04-07,14:00:00,136,15,Tuesday
1364,2015-04-07,15:00:00,124,15,Tuesday
1365,2015-04-07,16:00:00,63,15,Tuesday
1366,2015-04-07,17:00:00,69,15,Tuesday
1367,2015-04-07,18:00:00,44,15,Tuesday
1368,2015-04-07,19:00:00,94,15,Tuesday
1369,2015-04-07,20:00:00,173,15,Tuesday
1370,2015-04-07,21:00:00,153,15,Tuesday
1371,2015-04-08,06:00:00,4,15,Wednesday
1372,2015-04-08,07:00:00,16,15,Wednesday
1373,2015-04-08,08:00:00,32,15,Wednesday
1374,2015-04-08,09:00:00,63,15,Wednesday
1375,2015-04-08,10:00:00,94,15,Wednesday
1376,2015-04-08,11:00:00,129,15,Wednesday
1377,2015-04-08,12:00:00,97,15,Wednesday
1378,2015-04-08,13:00:00,193,15,Wednesday
1379,2015-04-08,14:00:00,133,15,Wednesday
1380,2015-04-08,15:00:00,160,15,Wednesday
1381,2015-04-08,16:00:00,94,15,Wednesday
1382,2015-04-08,17:00:00,71,15,Wednesday
1383,2015-04-08,18:00:00,77,15,Wednesday
1384,2015-04-08,19:00:00,135,15,Wednesday
1385,2015-04-08,20:00:00,191,15,Wednesday
1386,2015-04-08,21:00:00,137,15,Wednesday
1387,2015-04-09,06:00:00,8,15,Thursday
1388,2015-04-09,07:00:00,28,15,Thursday
1389,2015-04-09,08:00:00,31,15,Thursday
1390,2015-04-09,09:00:00,39,15,Thursday
1391,2015-04-09,10:00:00,125,15,Thursday
1392,2015-04-09,11:00:00,139,15,Thursday
1393,2015-04-09,12:00:00,89,15,Thursday
1394,2015-04-09,13:00:00,98,15,Thursday
1395,2015-04-09,14:00:00,159,15,Thursday
1396,2015-04-09,15:00:00,124,15,Thursday
1397,2015-04-09,16:00:00,45,15,Thursday
1398,2015-04-09,17:00:00,46,15,Thursday
1399,2015-04-09,18:00:00,37,15,Thursday
1400,2015-04-09,19:00:00,125,15,Thursday
1401,2015-04-09,20:00:00,158,15,Thursday
1402,2015-04-09,21:00:00,171,15,Thursday
1403,2015-04-10,06:00:00,3,15,Friday
1404,2015-04-10,07:00:00,6,15,Friday
1405,2015-04-10,08:00:00,45,15,Friday
1406,2015-04-10,09:00:00,66,15,Friday
1407,2015-04-10,10:00:00,76,15,Friday
1408,2015-04-10,11:00:00,67,15,Friday
1409,2015-04-10,12:00:00,77,15,Friday
1410,2015-04-10,13:00:00,133,15,Friday
1411,2015-04-10,14:00:00,160,15,Friday
1412,2015-04-10,15:00:00,72,15,Friday
1413,2015-04-10,16:00:00,65,15,Friday
1414,2015-04-10,17:00:00,58,15,Friday
1415,2015-04-10,18:00:00,89,15,Friday
1416,2015-04-10,19:00:00,95,15,Friday
1417,2015-04-10,20:00:00,141,15,Friday
1418,2015-04-10,21:00:00,128,15,Friday
1419,2015-04-11,06:00:00,5,15,Saturday
1420,2015-04-11,07:00:00,34,15,Saturday
1421,2015-04-11,08:00:00,30,15,Saturday
1422,2015-04-11,09:00:00,37,15,Saturday
1423,2015-04-11,10:00:00,72,15,Saturday
1424,2015-04-11,11:00:00,75,15,Saturday
1425,2015-04-11,12:00:00,80,15,Saturday
1426,2015-04-11,13:00:00,135,15,Saturday
1427,2015-04-11,14:00:00,92,15,Saturday
1428,2015-04-11,15:00:00,114,15,Saturday
1429,2015-04-11,16:00:00,60,15,Saturday
1430,2015-04-11,17:00:00,63,15,Saturday
1431,2015-04-11,18:00:00,27,15,Saturday
1432,2015-04-11,19:00:00,90,15,Saturday
1433,2015-04-11,20:00:00,177,15,Saturday
1434,2015-04-11,21:00:00,133,15,Saturday
1435,2015-04-12,06:00:00,7,15,Sunday
1436,2015-04-12,07:00:00,20,15,Sunday
1437,2015-04-12,08:00:00,73,15,Sunday
1438,2015-04-12,09:00:00,58,15,Sunday
1439,2015-04-12,10:00:00,88,15,Sunday
1440,2015-04-12,11:00:00,101,15,Sunday
1441,2015-04-12,12:00:00,73,15,Sunday
1442,2015-04-12,13:00:00,98,15,Sunday
1443,2015-04-12,14:00:00,149,15,Sunday
1444,2015-04-12,15:00:00,128,15,Sunday
1445,2015-04-12,16:00:00,55,15,Sunday
1446,2015-04-12,17:00:00,44,15,Sunday
1447,2015-04-12,18:00:00,54,15,Sunday
1448,2015-04-12,19:00:00,78,15,Sunday
1449,2015-04-12,20:00:00,91,15,Sunday
1450,2015-04-12,21:00:00,128,15,Sunday
1451,2015-04-13,07:00:00,11,16,Monday
1452,2015-04-13,08:00:00,33,16,Monday
1453,2015-04-13,09:00:00,67,16,Monday
1454,2015-04-13,10:00:00,115,16,Monday
1455,2015-04-13,11:00:00,97,16,Monday
1456,2015-04-13,12:00:00,134,16,Monday
1457,2015-04-13,13:00:00,142,16,Monday
1458,2015-04-13,14:00:00,147,16,Monday
1459,2015-04-13,15:00:00,169,16,Monday
1460,2015-04-13,16:00:00,65,16,Monday
1461,2015-04-13,17:00:00,67,16,Monday
1462,2015-04-13,18:00:00,99,16,Monday
1463,2015-04-13,19:00:00,91,16,Monday
1464,2015-04-13,20:00:00,124,16,Monday
1465,2015-04-13,21:00:00,135,16,Monday
1466,2015-04-14,06:00:00,83,16,Tuesday
1467,2015-04-14,07:00:00,16,16,Tuesday
1468,2015-04-14,08:00:00,23,16,Tuesday
1469,2015-04-14,09:00:00,32,16,Tuesday
1470,2015-04-14,10:00:00,97,16,Tuesday
1471,2015-04-14,11:00:00,108,16,Tuesday
1472,2015-04-14,12:00:00,95,16,Tuesday
1473,2015-04-14,13:00:00,127,16,Tuesday
1474,2015-04-14,14:00:00,142,16,Tuesday
1475,2015-04-14,15:00:00,152,16,Tuesday
1476,2015-04-14,16:00:00,60,16,Tuesday
1477,2015-04-14,17:00:00,107,16,Tuesday
1478,2015-04-14,18:00:00,56,16,Tuesday
1479,2015-04-14,19:00:00,113,16,Tuesday
1480,2015-04-14,20:00:00,148,16,Tuesday
1481,2015-04-14,21:00:00,160,16,Tuesday
1482,2015-04-15,06:00:00,4,16,Wednesday
1483,2015-04-15,07:00:00,13,16,Wednesday
1484,2015-04-15,08:00:00,49,16,Wednesday
1485,2015-04-15,09:00:00,31,16,Wednesday
1486,2015-04-15,10:00:00,70,16,Wednesday
1487,2015-04-15,11:00:00,142,16,Wednesday
1488,2015-04-15,12:00:00,138,16,Wednesday
1489,2015-04-15,13:00:00,183,16,Wednesday
1490,2015-04-15,14:00:00,148,16,Wednesday
1491,2015-04-15,15:00:00,154,16,Wednesday
1492,2015-04-15,16:00:00,127,16,Wednesday
1493,2015-04-15,17:00:00,83,16,Wednesday
1494,2015-04-15,18:00:00,130,16,Wednesday
1495,2015-04-15,19:00:00,129,16,Wednesday
1496,2015-04-15,20:00:00,146,16,Wednesday
1497,2015-04-15,21:00:00,142,16,Wednesday
